case,resolution,time,steps,runtime_seconds,transverse_kinetic_energy,rms_vertical_velocity,maximum_vertical_velocity,bubble_height,spike_depth,maximum_absolute_vorticity,relative_gas_plus_potential_energy_change,relative_mass_change,absolute_momentum_x_change,absolute_momentum_y_change,minimum_density,minimum_pressure,maximum_mach
control,64,0.0,0,0.0,0.0,0.0,0.0,0.0,0.0,0.0,0.0,0.0,0.0,0.0,1.0,2.0121446698784995,0.0
control,64,0.1,84,0.9339688000036404,1.8451637352369952e-10,1.6428364409355636e-05,5.355859128751465e-05,3.324747010702289e-06,-3.324747010702289e-06,0.0,5.165322526562251e-09,6.306066779870889e-14,0.0,-6.016014094428388e-13,0.9999990534842911,2.012144669878541,3.109343895022841e-05
control,64,0.2,168,1.8423199000026216,1.7529834427568165e-10,1.603420513933335e-05,5.401203065530925e-05,3.3214792687363826e-06,-3.3214792687363826e-06,0.0,1.3522270062407755e-08,1.5117178620016603e-09,0.0,-1.6939322494759906e-07,0.9999977130033025,2.0121446480898744,3.1276028677469094e-05
control,64,0.30000000000000004,252,2.7414256000047317,1.6665998632520355e-10,1.5607548404133118e-05,5.406775145998854e-05,3.32844159367518e-06,-3.32844159367518e-06,0.0,1.0190975278835079e-08,-1.87161042219941e-09,0.0,6.2869597299675395e-06,0.9999983776527106,2.012135828520347,3.1273259787143536e-05
control,64,0.4,336,3.640127200000279,1.48197828643799e-10,1.4948017564246446e-05,5.4256320917445535e-05,3.31725500446467e-06,-3.31725500446467e-06,0.0,-1.7954089893006597e-11,-2.21199549047905e-08,0.0,4.1653759402709865e-07,0.9999997716027819,2.012215950441593,3.122152474550662e-05
control,64,0.5,420,4.53331430000253,1.6755384417347702e-10,1.607178467092036e-05,7.810815384612688e-05,2.2893969578996476e-06,-2.2893969578996476e-06,0.0,2.604942550065765e-08,8.432610165698406e-10,0.0,-1.0535098339004601e-06,0.9999997858203025,2.0121454142623354,4.430569612283154e-05
control,64,0.6,504,5.429771200004325,1.5719181878152164e-10,1.4040758632093558e-05,5.382912868918401e-05,4.58037331441119e-06,-4.58037331441119e-06,0.0,3.067734240037889e-08,3.7388433090275913e-10,0.0,-1.2101092792772497e-06,0.9999997907968878,2.012145682617221,3.1895297308782586e-05
control,64,0.7,588,6.332300000001851,1.779655171345188e-10,1.4957182730652078e-05,5.662095144194826e-05,4.57006214682476e-06,-4.57006214682476e-06,0.0,3.547044450325403e-08,2.4082513760959046e-10,0.0,-1.3511923435139457e-06,0.9999998280799998,2.012145445508299,3.527982580419805e-05
control,64,0.7999999999999999,672,7.2996569000024465,1.3783441997158895e-10,1.3035287247673826e-05,5.248966131934651e-05,2.95929171589826e-06,-2.95929171589826e-06,0.0,3.4391359384348835e-08,-5.024593333994669e-09,0.0,-5.976782101380767e-07,0.9999981705402837,2.0121363995228108,3.8491047124997794e-05
control,64,0.8999999999999999,756,8.220487099999445,1.1648631985335026e-10,1.3177531931637432e-05,5.391941854718733e-05,3.0224837738179744e-06,-3.0224837738179744e-06,0.0,4.5124932660179637e-08,1.119122868450025e-09,0.0,-3.4478520547403402e-06,0.9999984798129123,2.0122355470691797,3.159568245739258e-05
control,64,0.9999999999999999,840,9.120750000001863,1.4643884013795875e-10,1.442777946688403e-05,5.6892434937160035e-05,2.883151971944109e-06,-2.883151971944109e-06,0.0,5.7682630525829116e-08,2.963040775701605e-09,0.0,-6.710983682618731e-06,1.0000003068194605,2.0121464806318796,3.227170470878411e-05
control,64,1.0999999999999999,924,10.016332400002284,1.4765019977097074e-10,1.4543680125662626e-05,5.455244303221416e-05,3.1399485220795498e-06,-3.1399485220795498e-06,0.0,5.08301202072754e-08,-2.2588470353449943e-09,0.0,-1.4277717526808558e-06,0.999998883074015,2.012141424734143,3.162066839086797e-05
control,64,1.2,1008,10.97621380000055,1.5396849840906903e-10,1.4890000535092078e-05,5.6248705745539274e-05,3.436643674636919e-06,-3.436643674636919e-06,0.0,6.225236920099128e-08,2.0442468458744165e-09,0.0,-4.889861841996619e-07,1.000000061078842,2.012136447582695,3.251480838010251e-05
control,64,1.3,1092,11.900118700003077,8.31366603041921e-11,1.0636853593376855e-05,4.757069428838478e-05,1.5289839715437736e-06,-1.5289839715437736e-06,0.0,6.574726892476174e-08,7.339826524344062e-10,0.0,-2.7945513518976674e-08,0.9999981572772336,2.0121443073657983,3.037367990709765e-05
control,64,1.4000000000000001,1176,12.8097207000028,1.41359521404654e-10,1.4343404032235246e-05,5.254312471509118e-05,2.9135880613706533e-06,-2.9135880613706533e-06,0.0,7.252805303707301e-08,2.7490640874816563e-09,0.0,-1.3715885542901464e-07,0.9999979818972997,2.0121564556606466,3.167309145210618e-05
control,64,1.5000000000000002,1260,13.707330600002024,1.4837744212056382e-10,1.4957303971923922e-05,5.500434057072469e-05,2.9587147256648905e-06,-2.9587147256648905e-06,0.0,8.582534573708617e-08,5.142228568881062e-09,0.0,-1.421107885633216e-06,1.0000008237725826,2.012148949342887,3.120078045972097e-05
control,64,1.6000000000000003,1344,14.613060499999847,1.3450846227677876e-10,1.4077306812908014e-05,5.627561092578185e-05,3.192733078916099e-06,-3.192733078916099e-06,0.0,8.08865299209671e-08,4.860057837656011e-09,0.0,5.395983403918968e-06,0.9999977943211319,2.012137634318466,3.1921884835224827e-05
control,64,1.7000000000000004,1428,15.527620300003036,1.303006752269015e-10,1.417029299505034e-05,5.081862164863885e-05,3.3888983476115797e-06,-3.3888983476115797e-06,0.0,7.993083999954082e-08,-5.79370714367163e-09,0.0,2.5358440012121404e-06,1.0000002471266365,2.012202821259201,3.184139165963933e-05
control,64,1.8000000000000005,1512,16.44294539999828,1.378293928555649e-10,1.4666357947127215e-05,6.912703064111247e-05,2.402484885921652e-06,-2.402484885921652e-06,0.0,8.943193742558117e-08,-7.148739378237678e-10,0.0,1.2047615015431759e-08,0.9999980454646503,2.0121457376203735,3.921153486167401e-05
control,64,1.9000000000000006,1596,17.359349900005327,1.2771383329766505e-10,1.2953844735894005e-05,5.37826238350841e-05,4.248940401185841e-06,-4.248940401185841e-06,0.0,9.748513273299353e-08,1.8810622689121223e-09,0.0,-8.197738318908498e-07,0.9999983400425191,2.0121480818249617,3.0507584554966716e-05
control,64,2.0000000000000004,1680,18.2690356000021,1.4810452362923398e-10,1.3938418505041848e-05,5.5436927281219226e-05,4.504065526211853e-06,-4.504065526211853e-06,0.0,1.040383086078092e-07,2.7374659576177387e-09,0.0,-1.4433491179134602e-06,0.9999999479549331,2.0121486194363687,3.371600383275536e-05
control,64,2.1000000000000005,1764,19.206932200002484,1.385406249913354e-10,1.2907444339865287e-05,5.451181279600149e-05,3.1986578524767495e-06,-3.1986578524767495e-06,0.0,1.0443516356457428e-07,-3.2894990435276367e-10,0.0,1.7044887649580178e-07,0.999997751950858,2.012130046039648,3.997372689524764e-05
control,64,2.2000000000000006,1848,20.134676400004537,1.0771701484550353e-10,1.2252129992510163e-05,5.251080698764626e-05,3.007047981173905e-06,-3.007047981173905e-06,0.0,1.1365728015453083e-07,4.8713992839566345e-09,0.0,-1.787604366296217e-06,0.9999982619022987,2.0122219802455747,3.187851095645303e-05
control,64,2.3000000000000007,1932,21.263886200002162,1.4284630854971747e-10,1.4233090123505891e-05,5.7563557481714564e-05,2.7245031218869897e-06,-2.7245031218869897e-06,0.0,1.15931848523797e-07,-2.795213838169275e-09,0.0,-6.782990083021595e-06,1.0000013764386284,2.012159497259743,3.265252461294992e-05
control,64,2.400000000000001,2016,22.192374900005234,1.377728834735271e-10,1.375728484935265e-05,5.441320792440883e-05,3.0570910111160643e-06,-3.0570910111160643e-06,0.0,1.1536587583219481e-07,-3.1718509300541578e-09,0.0,-3.026754947967421e-06,0.9999995411311458,2.012141461159988,3.08654896455431e-05
control,64,2.5,2100,23.193335100004333,1.381025853855353e-10,1.3948142772813108e-05,5.687793785276036e-05,3.5229658744695413e-06,-3.5229658744695413e-06,0.0,1.2765746795202622e-07,2.1622261018687064e-09,0.0,-1.382534927927034e-06,0.9999998799297549,2.0121295618759705,3.266335359422685e-05
perturbed,64,0.0,0,0.0,2.0770943565299018e-07,0.0005262565098922643,0.0024577758046693612,0.0,0.0,0.03068724948328934,0.0,0.0,0.0,0.0,1.0,2.0121446698784995,0.001690301330063284
perturbed,64,0.1,84,1.069348800003354,7.866058849293904e-08,0.0003230409534314603,0.0009225224346423689,0.00011382136923954178,0.000107763198168076,0.031839830282509016,4.451239721173649e-09,1.649051265909899e-13,-3.3881317890172014e-21,-1.41807653944101e-12,0.9997193982699845,2.0121446698592784,0.0008021315374813889
perturbed,64,0.2,168,2.0268759000027785,1.2509072601872303e-07,0.0004108396775099445,0.0014039005956146204,0.0002461041372869843,0.00023950559592705867,0.02842480463734461,1.5250721526670058e-08,2.947708743761268e-09,0.0,-2.452762465534594e-07,0.9996470738064309,2.012143736785935,0.0010065669177547268
perturbed,64,0.30000000000000004,252,2.9919466999999713,1.2526601331396118e-07,0.0004105190301215036,0.0014020143757424938,0.0003777150503533333,0.0003713295592228105,0.03579723845221197,8.845529694484958e-09,-1.6841343134880542e-11,-1.2281977735187355e-20,6.48378973062627e-06,0.999620546292747,2.0119221573331787,0.0009671693189957107
perturbed,64,0.4,336,3.9605233000038425,1.4640632236136998e-07,0.0004426680762803834,0.0015199545429783398,0.0004941409289672682,0.0004877649665877559,0.03631490261550465,-5.3161870303704055e-09,-2.4192188400699404e-08,-1.0164395367051604e-20,2.2200952625879545e-07,0.9996918840231932,2.0105759847723363,0.001059683914541657
perturbed,64,0.5,420,5.127101199999743,1.4410787613025978e-07,0.00043987904571341185,0.0016379912254376274,0.000644879093183115,0.0006403349355695309,0.03829127651984822,2.16339425586628e-08,7.690732495291286e-10,-1.0164395367051604e-20,-1.1608886076425152e-06,0.9996630761934882,2.010440768497053,0.0010354474811134816
perturbed,64,0.6,504,6.173105000001669,1.604706355300201e-07,0.00048365923992079254,0.0017331156048457771,0.0007982524996685836,0.0007888913732511105,0.05023929545232665,2.2425960171292236e-08,-2.8296359329734364e-09,-1.6940658945086007e-20,-1.6900333624631614e-06,0.9997939900187114,2.0120892949177667,0.0010420829930956692
perturbed,64,0.7,588,7.228968399998848,2.144475177720798e-07,0.0005128365229159138,0.0017566207107360128,0.0009668616700775345,0.0009583261663798082,0.050682199154327666,2.6296555172232097e-08,-2.256621556284699e-09,-1.8634724839594607e-20,-1.8828784380903548e-06,0.9997608571942593,2.011510092192074,0.0012989819412981207
perturbed,64,0.7999999999999999,672,8.217052400003013,2.3937332834629545e-07,0.0005878569926382896,0.0023150879547322906,0.0011473439369656946,0.001142105439533636,0.06201905914459622,2.373109793399809e-08,-8.414442180063967e-09,-1.6940658945086007e-20,-1.529826742372836e-06,0.9997809672351626,2.0119427508486334,0.0015234734046233875
perturbed,64,0.8999999999999999,756,9.211330300000554,2.590511607067799e-07,0.0005624039837353788,0.0020266009001381094,0.0013424250515751135,0.0013365145008556456,0.06463082229281553,3.4813166564015306e-08,-9.422279253120298e-10,-2.541098841762901e-20,-4.840348511175757e-06,0.9998634036498775,2.0113737729033367,0.0014801668087235196
perturbed,64,0.9999999999999999,840,10.197503399998823,3.7152981999592e-07,0.0007343236494849012,0.0027657415618108643,0.0015731637518483499,0.00156932552097927,0.08276854526573715,4.458409463180803e-08,2.3132586216926634e-09,-2.710505431213761e-20,-8.009353581485025e-06,0.9997991202307714,2.0113197513897543,0.0018252362499351841
perturbed,64,1.0999999999999999,924,11.299258200000622,3.716842492375052e-07,0.0006949293729981077,0.0026328164440477227,0.0018146499750981704,0.0018120953610681334,0.08776446998425569,3.510184063891198e-08,-4.461715145491023e-09,-1.3552527156068805e-20,-3.305598213556473e-06,0.9997895666958037,2.010193791031329,0.0018074486413388355
perturbed,64,1.2,1008,12.296087300004729,5.01618603979158e-07,0.0008358230897712301,0.003181412924571061,0.002110970013434743,0.002108088854246848,0.10471440726562858,4.372323585744129e-08,-1.4272648248455273e-09,-3.3881317890172014e-21,-2.950269280801193e-06,0.9996633886558554,2.010886349925431,0.0021212989575993824
perturbed,64,1.3,1092,13.265638800003217,6.569998194797641e-07,0.0009411580572279282,0.003720144335624703,0.00242285808898679,0.0024255604552286814,0.12083164597494823,4.7891224144855836e-08,1.4269228761539428e-09,-2.710505431213761e-20,-2.8177048025257732e-06,0.9995982943471837,2.0120825143040437,0.0025321897825824257
perturbed,64,1.4000000000000001,1176,14.236769299997832,7.736461327941306e-07,0.0010300864377782125,0.004012029739323323,0.002783278446135573,0.0027840399365135493,0.1376219654199741,4.729060177327917e-08,-8.273866036745403e-10,-3.3881317890172014e-20,-3.992508307034225e-06,0.9996953738914491,2.011819846176281,0.0026909155394115817
perturbed,64,1.5000000000000002,1260,15.216767899997649,9.119805136996366e-07,0.0011184109828325604,0.004186608880634903,0.0032048082516352716,0.0032133717409676965,0.1576373970788659,5.667698313414563e-08,1.8127024326020091e-09,-4.0657581468206416e-20,-5.921562608618059e-06,0.9997632556816334,2.0116391653029777,0.0028069807113200985
perturbed,64,1.6000000000000003,1344,16.18268790000002,1.3691896869137605e-06,0.00136301109161147,0.005527586590927776,0.0036786289209906897,0.0036897321168798403,0.1825030943501813,5.027723213669115e-08,3.3782908322640046e-09,-4.2351647362715017e-20,-8.766288611281389e-07,0.9997783005208907,2.0111344061761227,0.0037544818263237074
perturbed,64,1.7000000000000004,1428,17.14626639999915,1.528608893213029e-06,0.0014531220575530223,0.005590903152304475,0.004209915643047291,0.0042303558178680145,0.21140848048657485,4.5042058189121234e-08,-7.2298610061712525e-09,-5.421010862427522e-20,-5.581012632252191e-06,0.999812800857393,2.0113961162368885,0.00375498383403944
perturbed,64,1.8000000000000005,1512,18.137688399998297,2.0631342825310814e-06,0.0016772562302478768,0.006725017978787737,0.004833254620374761,0.004866095087978584,0.23607511756033966,4.3060837683788736e-08,-5.883051379385051e-09,-8.131516293641283e-20,-1.0295524828660046e-05,0.9996196776234874,2.011640002964628,0.004548313643431188
perturbed,64,1.9000000000000006,1596,19.09573719999753,2.4827142273744623e-06,0.0018482139090728515,0.007254892567628608,0.005558897134680052,0.0056030192649112465,0.2768755098825865,5.5253831679772516e-08,7.146841044895306e-09,-4.743384504624082e-20,-1.3967211730251492e-05,0.9996374831915866,2.0121137056342406,0.004870609857693919
perturbed,64,2.0000000000000004,1680,20.052431299998716,3.5488373423045375e-06,0.0022034805120269996,0.008754492101676581,0.0063741766194130856,0.006436081118535442,0.3135260035313047,3.747559850438866e-08,-8.22969544363635e-09,-2.0328790734103208e-20,-1.9511375275681038e-05,0.9997406242524386,2.0117985770554805,0.005963064448144341
perturbed,64,2.1000000000000005,1764,21.00999690000026,4.092194284880475e-06,0.00236563887322364,0.00952726665007675,0.007347476450228263,0.007442244555058319,0.3550599850459053,4.365721606035605e-08,5.04144163452717e-09,-2.710505431213761e-20,-2.208203594185615e-05,0.9994085327480434,2.0116885443710815,0.006437172805970122
perturbed,64,2.2000000000000006,1848,21.972216900001513,5.454789217787314e-06,0.0027452299253046763,0.010979655042688228,0.008449523836384087,0.008564441748411367,0.40721925532609987,3.2717609509405906e-08,-7.521568553177834e-10,-4.0657581468206416e-20,-3.1948073051849156e-05,0.9997830030649861,2.0119723306103205,0.007417515067828596
perturbed,64,2.3000000000000007,1932,22.934611299999233,7.161728773183708e-06,0.0031251321901961233,0.01242631665330562,0.009671660308343433,0.009827463786257318,0.4631761457044435,2.7642754924018256e-08,2.171758476758138e-09,4.0657581468206416e-20,-4.424154544104888e-05,0.9991962323141743,2.0116425216662823,0.008463371295326663
perturbed,64,2.400000000000001,2016,23.88950509999995,8.99432649718162e-06,0.003528331104984185,0.014199498573396845,0.010989774995488255,0.011182974457962791,0.5288672444788933,-2.733795222889138e-09,-1.1661554684868255e-08,1.0842021724855044e-19,-5.29047870569577e-05,0.9995538795305405,2.011101660371351,0.009585077050172487
perturbed,64,2.5,2100,24.852157499997702,1.1591972576636319e-05,0.003977761308955955,0.01584651105709656,0.012437415653604678,0.012684817973105611,0.5938900035058211,3.996186324108394e-09,7.172923884487166e-09,4.0657581468206416e-20,-6.439793803678238e-05,0.999231581984041,2.011497322847732,0.010822617161847351
control,96,0.0,0,0.0,0.0,0.0,0.0,0.0,0.0,0.0,0.0,0.0,0.0,0.0,1.0,2.009540503211833,0.0
control,96,0.1,126,2.3422294999982114,2.8077858801494247e-11,6.457895706473746e-06,1.9621749847088963e-05,1.5382965484755928e-06,-1.5382965484755928e-06,0.0,1.5827178086944173e-09,0.0,0.0,-7.061271327125658e-16,0.9999996498997863,2.009540503211833,1.1312291288969783e-05
control,96,0.2,252,4.596106699995289,2.668692039803938e-11,6.306567022500217e-06,1.7801878286122e-05,1.5409652340814262e-06,-1.5409652340814262e-06,0.0,2.4081429493214687e-09,-3.2979174946490275e-10,0.0,-3.911928149181751e-09,0.999999366946617,2.009540503155786,1.0610485368364212e-05
control,96,0.30000000000000004,378,7.050967399998626,2.5514435461934013e-11,6.161462772285897e-06,1.7802413546014714e-05,1.5442118599384713e-06,-1.5442118599384713e-06,0.0,3.066850579480019e-09,-1.1893869592919752e-09,0.0,2.702646609681779e-06,0.9999992805194071,2.009539466231431,1.0500048172673295e-05
control,96,0.4,504,9.481596400000853,2.1579104584842275e-11,5.8212518626984606e-06,1.7774524541396734e-05,1.5483595636744951e-06,-1.5483595636744951e-06,0.0,-1.3275724515149626e-10,-6.867334552869882e-09,0.0,3.521566667730251e-07,0.9999999387239117,2.009579200833361,1.0483599435630503e-05
control,96,0.5,630,11.765281299994967,2.960095231235845e-11,6.695164321517802e-06,3.171749892070499e-05,1.0952591548152313e-06,-1.0952591548152313e-06,0.0,7.736391608969508e-09,5.231814981243588e-12,0.0,-2.927553364793208e-07,0.9999999288753776,2.009540834487364,1.8707253260170162e-05
control,96,0.6,756,14.036878999999317,2.401153388337026e-11,5.28335568399282e-06,1.7559892720894243e-05,2.1387313067222635e-06,-2.1387313067222635e-06,0.0,9.26815822572103e-09,-2.7915003641965086e-11,0.0,-3.5792551570239637e-07,0.9999999235907413,2.0095409119003445,1.0378753126667161e-05
control,96,0.7,882,16.4865049,2.355860613253724e-11,5.288628111303789e-06,1.885205188652545e-05,2.2281539702184716e-06,-2.2281539702184716e-06,0.0,1.081541018036441e-08,-3.100186773963287e-11,0.0,-4.254640536856652e-07,0.9999999201135628,2.009540905560674,1.111910160184189e-05
control,96,0.7999999999999999,1008,18.943040300000575,1.937181015220539e-11,4.812734708433029e-06,1.9902116034068415e-05,1.3299005313660572e-06,-1.3299005313660572e-06,0.0,1.2038082783616158e-08,-2.3996804543457984e-10,0.0,-1.6581595351061306e-07,0.9999993226314164,2.0095419716221636,1.4218919680355636e-05
control,96,0.8999999999999999,1134,21.314483699999982,1.52924143692327e-11,4.862178501522302e-06,1.7701527318422518e-05,1.4485520879459202e-06,-1.4485520879459202e-06,0.0,1.641385370319303e-08,2.608373369146951e-09,0.0,-1.0325281326524496e-06,0.9999992710578705,2.0095895494318654,1.0516682308547577e-05
control,96,0.9999999999999999,1260,24.361530299996957,2.269232057821712e-11,5.78838625699437e-06,1.871879802789334e-05,1.40352807342925e-06,-1.40352807342925e-06,0.0,1.831516095813169e-08,1.100955178875059e-09,0.0,-3.18972826267319e-06,0.9999999853295158,2.0095410216716103,1.1040553524222154e-05
control,96,1.0999999999999999,1386,27.406401199994434,2.1115669977186283e-11,5.530945234366506e-06,1.7815251086206837e-05,1.4961074548125453e-06,-1.4961074548125453e-06,0.0,1.586616915570262e-08,-7.478004881988909e-10,0.0,-5.834952539500316e-07,0.9999991603554391,2.0095407828677976,1.0507629342725389e-05
control,96,1.2,1512,29.78638779999892,1.8268686682602097e-11,5.163638834040432e-06,1.634738452019623e-05,1.558009027902152e-06,-1.558009027902152e-06,0.0,1.893681948324925e-08,3.424497722429957e-10,0.0,-1.976667098764977e-07,1.00000001850446,2.009536467941899,9.833734447371352e-06
control,96,1.3,1638,32.125044599997636,1.0162477223716944e-11,3.6717350034987978e-06,1.6135852317802162e-05,5.983843508472475e-07,-5.983843508472475e-07,0.0,2.006341681572616e-08,-8.659310305840033e-11,0.0,-2.2773070833722394e-08,0.9999999757850511,2.009540508329633,1.1186096464349113e-05
control,96,1.4000000000000001,1764,34.47253679999994,2.023738215058042e-11,5.53313185348387e-06,1.7240902707426303e-05,1.3726686982629133e-06,-1.3726686982629133e-06,0.0,2.2161001980951622e-08,4.3437697883064175e-10,0.0,-7.338885405874717e-08,0.9999991557076895,2.009544865712376,1.059471606143149e-05
control,96,1.5000000000000002,1890,36.854423299999326,2.0668999107323998e-11,5.6420969148048585e-06,1.784849531883967e-05,1.3638523470582697e-06,-1.3638523470582697e-06,0.0,2.432349405542588e-08,2.5191182473349727e-10,0.0,-6.560360906257646e-07,0.9999990748930343,2.0095417561163327,1.0527250830348777e-05
control,96,1.6000000000000003,2016,39.126926799996,1.8165754899597246e-11,5.252337109628998e-06,1.8905416371922386e-05,1.492989759932506e-06,-1.492989759932506e-06,0.0,2.1826700727160157e-08,-2.008337496306467e-09,0.0,2.199161679333071e-06,0.999999116462654,2.009534646808148,1.1150631302838463e-05
control,96,1.7000000000000004,2142,41.43496049999521,1.807715932987405e-11,5.510194610840388e-06,1.7805115494727914e-05,1.4962173069399398e-06,-1.4962173069399398e-06,0.0,2.4955074341056408e-08,-1.578486378643144e-09,0.0,1.3351252534464905e-06,1.0000000183710882,2.0095733256293435,1.05016577016845e-05
control,96,1.8000000000000005,2268,43.749000799994974,2.3448134398370835e-11,6.067375624958481e-06,2.6300344772020072e-05,1.123976960060169e-06,-1.123976960060169e-06,0.0,2.7614150963678734e-08,-2.1285240237034486e-10,0.0,1.9734346612985327e-07,0.9999990143924871,2.0095403602284425,1.5512209250836042e-05
control,96,1.9000000000000006,2394,46.02415420000034,1.88798297430022e-11,4.784837387587365e-06,1.757042198677773e-05,1.99085402041721e-06,-1.99085402041721e-06,0.0,2.967545862281492e-08,1.1826954230779543e-10,0.0,-1.9765014717475775e-07,0.9999992010031715,2.0095416296839237,1.036319870805052e-05
control,96,2.0000000000000004,2520,48.36126869999862,1.8821199784513764e-11,4.905506101535887e-06,1.933007756712723e-05,2.1669641255828154e-06,-2.1669641255828154e-06,0.0,3.105230288787515e-08,-1.1509534066552381e-10,0.0,-4.4364552903163415e-07,0.9999998348099997,2.0095418890422616,1.1401063973411788e-05
control,96,2.1000000000000005,2646,50.753345599994645,2.001586103543228e-11,4.7724366003103444e-06,2.1466290924313564e-05,1.4856309293875825e-06,-1.4856309293875825e-06,0.0,3.118542509132019e-08,-1.379328503266682e-09,0.0,1.2806482198728578e-08,0.9999991671812742,2.0095400076303327,1.533640700338297e-05
control,96,2.2000000000000006,2772,53.08331149999867,1.5236618703655505e-11,4.589481654993108e-06,1.7634259156584584e-05,1.4377134507359557e-06,-1.4377134507359557e-06,0.0,3.7171352220462694e-08,3.314382842252902e-09,0.0,-1.5067269896643167e-07,0.9999995615589619,2.009578103625866,1.0508068351001342e-05
control,96,2.3000000000000007,2898,55.673002099996665,2.089523547667764e-11,5.482046035774674e-06,1.9129789409246053e-05,1.3574699658791545e-06,-1.3574699658791545e-06,0.0,3.6064423804709084e-08,-7.952925725381496e-10,0.0,-3.125307592754865e-06,1.0000004018575959,2.0095455799925737,1.1282975113134737e-05
control,96,2.400000000000001,3024,58.03158009999606,1.9051777385812667e-11,5.09110611010619e-06,1.8098753500770075e-05,1.4942963872943693e-06,-1.4942963872943693e-06,0.0,3.5841495385283734e-08,-8.773447153960964e-10,0.0,-1.233567395745517e-06,0.9999991821748377,2.0095418751534084,1.0674851397851666e-05
control,96,2.5,3150,60.41677109999728,1.3874571875015545e-11,4.4134116047109335e-06,1.6562004977339363e-05,1.6499805450820304e-06,-1.6499805450820304e-06,0.0,3.91347310334433e-08,3.046577804847554e-10,0.0,-5.973093465428242e-07,0.9999999383160336,2.009532374922057,9.768464841581394e-06
perturbed,96,0.0,0,0.0,2.0770943565299018e-07,0.0005262565098922644,0.0024811496281612598,0.0,0.0,0.031090081276040373,0.0,0.0,0.0,0.0,1.0,2.009540503211833,0.0016973454213899918
perturbed,96,0.1,126,2.2064116000037757,7.910821015024452e-08,0.0003237396592929014,0.0009540895856496278,0.00011765435843569261,0.0001145214998465871,0.033329079393468825,1.4714618283099653e-09,0.0,1.5058363506743116e-21,-2.511433865654617e-15,0.9997001625109682,2.0095405032117863,0.000810077467460224
perturbed,96,0.2,252,4.379725200000394,1.2672865698049714e-07,0.00041320529578511134,0.0013886981186517083,0.00025583111874893927,0.0002526183649814717,0.030209119587800787,2.0787331296904583e-09,-3.5631941841529624e-10,0.0,-1.1034405972053809e-08,0.9996363326346895,2.0095404703119564,0.0009847858461623164
perturbed,96,0.30000000000000004,378,6.554922900002566,1.2688739590447226e-07,0.0004123871562910595,0.0013868246359490018,0.0003938619925728526,0.00039062458858118987,0.03845705823906053,2.329980974139928e-09,-1.5030961660518944e-09,4.893968139691513e-21,2.8015408080020346e-06,0.9995798233092403,2.0094093504672292,0.0009559483683960989
perturbed,96,0.4,504,8.741208600004029,1.522010395844939e-07,0.0004500682240688377,0.0015043945177585715,0.0005175295135669833,0.000514329323034135,0.03962687550135467,-2.0786678227955107e-09,-8.2399786253499e-09,6.0233454026972465e-21,6.530904999397721e-08,0.9996621755932815,2.0080996737389802,0.0010476459283731612
perturbed,96,0.5,630,10.911417499999516,1.485559976429479e-07,0.0004473336193062962,0.0016160662565812562,0.0006765285885337313,0.0006741067434181125,0.04141408729567818,6.356721023440205e-09,-3.929440476705774e-10,9.03501810404587e-21,-4.860516774251936e-07,0.9996454372234548,2.007647145450951,0.0010104159443017353
perturbed,96,0.6,756,13.17484620000323,1.6400469807651297e-07,0.0004878512779925276,0.0016928453084275458,0.0008369610792445803,0.000831844920198388,0.053462567520782635,7.138636810774458e-09,-9.897053547073635e-10,6.0233454026972465e-21,-8.077890343169931e-07,0.9997855077441933,2.0094603580274453,0.0010104144148754737
perturbed,96,0.7,882,16.26272240000253,2.1663582590787086e-07,0.0005160404608615033,0.0017574044455850757,0.001016997949950249,0.0010132974870714628,0.0548773312340425,8.657357749587659e-09,-7.847663259970735e-10,3.0116727013486233e-21,-1.0452420237184352e-06,0.9997549154831049,2.0089082987995526,0.00128266245103705
perturbed,96,0.7999999999999999,1008,19.081914700000198,2.5294304641552787e-07,0.0006006306637137753,0.002430741754387949,0.0012100175337017571,0.001207708696480403,0.06792524474848735,9.154882918492536e-09,-1.4914272779738742e-09,6.0233454026972465e-21,-1.0115487061085492e-06,0.9997701373226309,2.009398337754433,0.0016066684173577626
perturbed,96,0.8999999999999999,1134,21.334954099998868,2.6131610378400047e-07,0.0005605125143507553,0.002000760150379824,0.001406844854328293,0.0014041628739314693,0.07128285819463019,1.2860473121217567e-08,6.741579146781381e-10,1.054085445472018e-20,-2.4544576893164703e-06,0.9998712168078707,2.0084071605581437,0.0014668636001090598
perturbed,96,0.9999999999999999,1260,23.634904400001687,3.8516473021777704e-07,0.0007491989903051263,0.0028006487027361798,0.0016562787129357215,0.001655795362776935,0.09328330394436672,1.5477079947490667e-08,1.0220529607825786e-09,2.108170890944036e-20,-4.6839699543177555e-06,0.9997574911140521,2.0085254488734967,0.0018362543059987973
perturbed,96,1.0999999999999999,1386,26.87448260000383,3.765290036772901e-07,0.000699014656404744,0.002668303396401002,0.0019106452116969264,0.001910370755422497,0.0984066306382297,1.2703220635295475e-08,-9.70339512444222e-10,2.4093381610788986e-20,-2.3465087698380144e-06,0.9996656188127263,2.007212934207383,0.0018351784969388616
perturbed,96,1.2,1512,29.392960800003493,5.151326766395864e-07,0.0008479725956410124,0.0032272248232377222,0.002224225377117972,0.002225640438346832,0.11708560834648979,1.2648214036144609e-08,-2.6400983621499563e-09,3.3128399714834854e-20,-2.806075825628129e-06,0.9996684246470621,2.008100550520679,0.002148017054052293
perturbed,96,1.3,1638,31.786511400001473,6.753694864407138e-07,0.0009553313252413433,0.0037613965185068856,0.002554299817564054,0.0025588339522950587,0.13666140839347102,1.5670226107597523e-08,-2.573082487818586e-11,2.710505431213761e-20,-2.8192546604045316e-06,0.9995723620988972,2.0095297235295004,0.002539995539110894
perturbed,96,1.4000000000000001,1764,34.02720810000028,7.807688097592736e-07,0.0010370010765398017,0.0038806092434893386,0.0029379561660392017,0.0029432065780174432,0.15617621734695306,1.4714626972582558e-08,-2.0247958865127202e-09,3.9151745117532104e-20,-4.1438819445801794e-06,0.9996826711082222,2.0092609326350943,0.0025828669737643353
perturbed,96,1.5000000000000002,1890,36.318175600004906,9.261066753332402e-07,0.0011274883221350817,0.004225470984771466,0.0033942020052281086,0.0034087666922245075,0.17879415464711723,1.7342491702823194e-08,-1.0486422101034047e-09,4.216341781888072e-20,-5.616561541704703e-06,0.9996906283828502,2.0089549281364887,0.002825355693498372
perturbed,96,1.6000000000000003,2016,38.51628049999999,1.4173784725354834e-06,0.001386125432837857,0.00571588858289525,0.0038907781795601837,0.003904002529891204,0.20666766584829485,1.396360949294883e-08,-3.123903506245066e-09,3.3128399714834854e-20,-4.110933038152067e-06,0.999742939439036,2.0083818599973,0.003862031391301576
perturbed,96,1.7000000000000004,2142,40.833203800000774,1.5527697641079607e-06,0.0014650232665168218,0.00563787108574361,0.004465923160320795,0.004488010142737364,0.2409532103000428,1.3444053769419776e-08,-5.085504165928493e-09,5.421010862427522e-20,-7.32782921578191e-06,0.9997140520686213,2.009067294861565,0.003770220381001071
perturbed,96,1.8000000000000005,2268,43.29910920000111,2.132331546411792e-06,0.0017057227959853228,0.006880515674087658,0.0051342042885906825,0.005163807902298978,0.26888541936093246,1.6978169789719177e-08,-9.998446515169235e-11,6.023345402697247e-20,-1.0350115550316622e-05,0.9995621940769999,2.0087553320467344,0.004636431331367414
perturbed,96,1.9000000000000006,2394,45.662059000002046,2.523146416202372e-06,0.0018604408825903865,0.007318388668364781,0.005899999140091872,0.0059368711066780655,0.31626437693676834,2.215714925668074e-08,4.909653720612066e-09,3.614007241618348e-20,-1.3578946992427227e-05,0.9995371182709853,2.0089441865822306,0.0049234955230368785
perturbed,96,2.0000000000000004,2520,48.08091000000422,3.6698538335849973e-06,0.0022362678721042457,0.009014725501266654,0.006714203256493301,0.0067619568524330265,0.36086570567687404,9.051303467641939e-09,-7.899962906066094e-09,4.216341781888072e-20,-1.9629305737082974e-05,0.9996653251218615,2.0093770908483806,0.0061273258710381326
perturbed,96,2.1000000000000005,2646,50.42834460000449,4.245187574299861e-06,0.0024101571292796157,0.009804657531210974,0.007650674884808528,0.007718132046636572,0.41246163088931487,1.68490163760441e-08,1.9877031872302573e-09,4.818676322157797e-20,-2.2801251939876097e-05,0.9993746721162942,2.009116489305949,0.006602207463084469
perturbed,96,2.2000000000000006,2772,53.672681199997896,5.56428618493603e-06,0.0027691070021533416,0.011088061320130824,0.008675135397614109,0.008759980007707835,0.4745500101126777,1.2772620005144542e-08,-3.407805889329059e-10,2.4093381610788986e-20,-3.1395039649988174e-05,0.9997881034579317,2.0093135215646045,0.00744688818079144
perturbed,96,2.3000000000000007,2898,57.054804200000945,7.431147106825216e-06,0.003187046924635865,0.012849813513389168,0.009840222464181148,0.009977131673975403,0.5423345260322552,1.7294191212103225e-08,6.5586891473401465e-09,2.4093381610788986e-20,-4.184849259952899e-05,0.9991000519430739,2.009246323895866,0.008649158303371854
perturbed,96,2.400000000000001,3024,60.24913820000074,9.328530866268765e-06,0.0035922020477576902,0.014768780145135437,0.011155712789549965,0.011329956632960159,0.6213183460880067,9.300853197049595e-10,-5.601592819222863e-09,4.818676322157797e-20,-5.335750145995514e-05,0.9996205154644209,2.0081123851800897,0.00987990867634119
perturbed,96,2.5,3150,63.46072899999854,1.199407854158583e-05,0.004043752848871393,0.016401608961314155,0.012643030146042178,0.012894473405217821,0.699891030250333,-1.296311044203897e-09,-3.646462539326952e-09,0.0,-6.681733984494581e-05,0.9992211430990949,2.0086648649823204,0.011071596590792319
control,128,0.0,0,0.0,0.0,0.0,0.0,0.0,0.0,0.0,0.0,0.0,0.0,0.0,1.0,2.0082384198784995,0.0
control,128,0.1,168,8.02711360000103,7.87100247270616e-12,3.4326648995752218e-06,1.1658278870443144e-05,9.220894434669447e-07,-9.220894434669447e-07,0.0,6.774586023068236e-10,-2.9605947323337506e-16,0.0,1.9766069689550734e-17,0.9999999157373134,2.0082384198784995,6.923852548508581e-06
control,128,0.2,336,16.970792100000835,7.572450153731974e-12,3.3734755800563136e-06,1.0841875121173413e-05,9.237834472930473e-07,-9.237834472930473e-07,0.0,1.2791842683340077e-09,-2.9391600264716544e-11,0.0,1.903984620621606e-09,0.9999997326522223,2.0082384198801333,6.525193603004175e-06
control,128,0.30000000000000004,504,25.48933350000152,7.301922104706165e-12,3.3129686333565343e-06,1.0264867055291092e-05,9.259470061806496e-07,-9.259470061806496e-07,0.0,1.7122119981099509e-09,-1.2859831718022482e-10,0.0,1.5305858637944537e-06,0.9999996471441619,2.008238631935095,6.3927313040594455e-06
control,128,0.4,672,34.0234203,5.996054673322445e-12,3.1041221756215466e-06,9.996061836830517e-06,9.280674415634849e-07,-9.280674415634849e-07,0.0,-1.2537555762277648e-10,-3.044231237462706e-09,0.0,2.3328853532350488e-07,0.9999999623036112,2.008263564276334,5.261661631988096e-06
control,128,0.5,840,42.459595499996794,8.989934332832164e-12,3.679527714841954e-06,1.7138159663014175e-05,6.726456696082295e-07,-6.726456696082295e-07,0.0,3.3269238996391598e-09,-1.2332801446746089e-11,0.0,-1.1011763618044484e-07,0.999999959930614,2.008238600285668,9.897255491349042e-06
control,128,0.6,1008,50.809255699998175,6.642158468871306e-12,2.723353817985465e-06,8.037350289603489e-06,1.2665021693614165e-06,-1.2665021693614165e-06,0.0,3.9885479518579345e-09,-2.1959323248665896e-11,0.0,-1.4642500227821604e-07,0.9999999567396195,2.008238641342595,5.983623701049502e-06
control,128,0.7,1176,57.94945729999745,6.4080682690399504e-12,2.6773492467212883e-06,8.027299494016578e-06,1.28354691009136e-06,-1.28354691009136e-06,0.0,4.6672940914722385e-09,-1.6574889608970505e-11,0.0,-1.824568705722699e-07,0.9999999935410597,2.008238640997043,5.917716537066154e-06
control,128,0.7999999999999999,1344,63.63217359999544,5.443062905401893e-12,2.5473488378289854e-06,9.462948940369185e-06,7.936577350875496e-07,-7.936577350875496e-07,0.0,5.2912329327804975e-09,9.510318458675707e-12,0.0,-1.718116831858471e-08,0.9999999477019685,2.008238670487944,6.688635936890746e-06
control,128,0.8999999999999999,1512,70.15566430000035,4.299593172517268e-12,2.5813130180686297e-06,8.076525667246596e-06,8.855806367114027e-07,-8.855806367114027e-07,0.0,7.703982534209634e-09,1.8514508444885298e-09,0.0,-3.9545902895292084e-07,0.9999995579785513,2.0082692416775063,4.806066263692314e-06
control,128,0.9999999999999999,1680,76.4814864,6.6555621734166204e-12,3.1457954733690396e-06,8.613614958983325e-06,8.666129580614523e-07,-8.666129580614523e-07,0.0,7.744806821630638e-09,4.425571020760799e-10,0.0,-1.8065943860865921e-06,0.9999999574561899,2.008238649503416,5.395000219053053e-06
control,128,1.0999999999999999,1848,82.15366089999588,6.0942596427047276e-12,2.974716369685487e-06,8.091687901257749e-06,9.202142491337995e-07,-9.202142491337995e-07,0.0,7.03736107761709e-09,-1.9311663379539823e-10,0.0,-2.955270527516919e-07,0.9999994478972943,2.008238440825154,5.073071659991215e-06
control,128,1.2,2016,87.96957989999646,5.6553624566406775e-12,2.875705666429306e-06,7.904269519784633e-06,9.032970033073795e-07,-9.032970033073795e-07,0.0,8.098750460869508e-09,9.520132830213394e-11,0.0,-1.1670735763340019e-07,1.0000000124774435,2.008235655520041,4.786030060265121e-06
control,128,1.3,2184,94.67419879999943,2.80403170015553e-12,1.9199451259071716e-06,7.746219346421514e-06,3.1715618775685073e-07,-3.1715618775685073e-07,0.0,8.629360973108325e-09,-4.1495991827863086e-11,0.0,-1.2331076807455112e-08,0.9999999761088565,2.00823843646737,5.456832782792319e-06
control,128,1.4000000000000001,2352,103.48600549999537,5.95170408683135e-12,3.037245045734643e-06,7.945343105910868e-06,8.35240714591734e-07,-8.35240714591734e-07,0.0,9.522149362178208e-09,1.9853481821504224e-10,0.0,-2.3810197605726363e-08,0.9999994446193007,2.0082405964719556,4.896513606812009e-06
control,128,1.5000000000000002,2520,111.11628270000074,5.8659234193835516e-12,3.0252752964857893e-06,8.148598874466074e-06,8.293175940421449e-07,-8.293175940421449e-07,0.0,9.817083522401705e-09,-1.5571292403630346e-10,0.0,-3.0617048428701685e-07,0.9999987972324424,2.008239010290211,4.7058127047104745e-06
control,128,1.6000000000000003,2688,118.53010189999623,5.253254790900039e-12,2.8496441523015804e-06,8.861383936906263e-06,9.051638305557219e-07,-9.051638305557219e-07,0.0,9.348111465755794e-09,-8.8265528219722e-10,0.0,1.2294121514097697e-06,0.9999993936330913,2.008238233007922,5.117445140294362e-06
control,128,1.7000000000000004,2856,126.32425159999548,5.166783158637308e-12,3.0187219248484055e-06,8.327494366296254e-06,9.042394626401773e-07,-9.042394626401773e-07,0.0,1.0810253930111658e-08,-5.851588843105068e-10,0.0,8.087782924964719e-07,0.9999999945223349,2.0082614105164565,4.809123190835638e-06
control,128,1.8000000000000005,3024,131.82344860000012,7.427972108497768e-12,3.4120839094398548e-06,1.364440633585394e-05,7.008382465478746e-07,-7.008382465478746e-07,0.0,1.1942731312511347e-08,-1.8465525405038836e-11,0.0,1.7193250862059894e-07,0.9999995895342793,2.008238202913673,7.879628768451605e-06
control,128,1.9000000000000006,3192,137.94699269999546,5.096406941398232e-12,2.432688882712653e-06,7.867680535933471e-06,1.2005136427184482e-06,-1.2005136427184482e-06,0.0,1.2728545214949521e-08,2.2657135427076962e-11,0.0,-6.202807692995548e-08,0.9999995999285003,2.0082389143312014,4.602771992218427e-06
control,128,2.0000000000000004,3360,145.33712820000073,5.109120092242468e-12,2.4658215610582665e-06,8.178421270253714e-06,1.2514024575471794e-06,-1.2514024575471794e-06,0.0,1.328730164845567e-08,-6.409746807397217e-11,0.0,-1.794382462448479e-07,0.9999998982499991,2.008239251126676,4.940214654668298e-06
control,128,2.1000000000000005,3528,152.59115509999538,5.619641391947483e-12,2.498354835317386e-06,1.0837359435932308e-05,8.783001272938407e-07,-8.783001272938407e-07,0.0,1.4005152236297278e-08,5.978225322185911e-11,0.0,8.332768410044536e-08,0.9999999244157463,2.0082397245204975,7.831113858472809e-06
control,128,2.2000000000000006,3696,160.13623849999567,4.9234873050621266e-12,2.5854333305366935e-06,8.187680189611937e-06,8.83075448876447e-07,-8.83075448876447e-07,0.0,1.669192828203944e-08,2.178199990747013e-09,0.0,1.2868080408427757e-07,0.9999998654971919,2.0082594768550273,5.257520189702812e-06
control,128,2.3000000000000007,3864,167.502610800002,5.989823105753282e-12,2.910538860063557e-06,8.785952781107308e-06,8.511940358113534e-07,-8.511940358113534e-07,0.0,1.5565713167195688e-08,-1.6065356452562204e-10,0.0,-1.7519749031586413e-06,0.9999997062284776,2.0082402188249455,5.073883918164901e-06
control,128,2.400000000000001,4032,173.87839410000015,5.4948315241735714e-12,2.7263380062310893e-06,8.232414859219348e-06,9.174759311170178e-07,-9.174759311170178e-07,0.0,1.551834827714753e-08,-2.537244488583686e-10,0.0,-6.027181670764885e-07,0.9999993464563897,2.0082390190918202,4.754214187285527e-06
control,128,2.5,4200,179.2603448000009,3.966138686956282e-12,2.359375014386594e-06,7.650369165710686e-06,9.345534042193293e-07,-9.345534042193293e-07,0.0,1.6702058999765658e-08,1.857980436170692e-11,0.0,-3.490950394538747e-07,0.999999983759171,2.008233092848088,4.62695490956591e-06
perturbed,128,0.0,0,0.0,2.0770943565299015e-07,0.0005262565098922643,0.002489380051611874,0.0,0.0,0.03123224497311363,0.0,0.0,0.0,0.0,1.0,2.0082384198784995,0.0017055463519147348
perturbed,128,0.1,168,6.873158199996396,7.923743279528595e-08,0.0003239478029934213,0.0009601416362989902,0.00011861130854751156,0.00011677147993310877,0.03365983027262224,6.351573537892367e-10,0.0,8.470329472543003e-22,1.2671612890924333e-17,0.9996946312400298,2.0082384198784995,0.0008123651665588201
perturbed,128,0.2,336,14.15390109999862,1.2721350029192316e-07,0.0004138782596330346,0.0013864686769832217,0.0002585391484659638,0.00025666048880457204,0.03069661121599427,1.1550125750502677e-09,-3.8436513231469384e-11,0.0,2.3283608638807783e-09,0.9996335696959829,2.008238419735582,0.0009832477343209
perturbed,128,0.30000000000000004,504,19.632780799998727,1.2741377628301315e-07,0.0004129656668466812,0.001383973016369996,0.00039846521203046326,0.00039655185025683215,0.03969679308395045,1.510916632302293e-09,-1.5786927320959876e-10,2.964615315390051e-21,1.6356098694949325e-06,0.9995655287748699,2.0081096184632976,0.0009519441029022882
perturbed,128,0.4,672,24.975799399995594,1.5420782665616763e-07,0.00045253001133544,0.0015035542775545065,0.0005242711938912015,0.0005224864548185049,0.041106400485966824,-1.0664296580979196e-09,-3.725336927828948e-09,1.2705494208814505e-21,-1.5725377853017825e-08,0.9996537545694734,2.0069573406422117,0.001045535238223169
perturbed,128,0.5,840,30.355291799998668,1.5018796601335747e-07,0.00044980965607839454,0.0015982696687456756,0.0006864225993020723,0.0006852364631799168,0.04331594713907297,2.4530480971095552e-09,-4.24151084625161e-10,3.3881317890172014e-21,-3.0611548310754e-07,0.999638602060082,2.0062754934914993,0.0010021427387394645
perturbed,128,0.6,1008,35.79115979999915,1.6515106774655115e-07,0.0004890081884388857,0.0016783910041412479,0.0008485190526568154,0.000845730511288667,0.05640373716871462,2.8712447632805352e-09,-5.854946157531534e-10,6.776263578034403e-21,-5.887639464557389e-07,0.9997827738078688,2.0081503722633407,0.0010020800271860826
perturbed,128,0.7,1176,41.18240869999863,2.1708680263858183e-07,0.0005165707962770445,0.00178035615193576,0.0010317629272619255,0.00103071282652889,0.05740663126035325,3.5086252674655636e-09,-5.186476433512629e-10,6.776263578034403e-21,-8.217484480300041e-07,0.9997526038117542,2.0076060759143775,0.0013000325384431455
perturbed,128,0.7999999999999999,1344,46.567532199995185,2.574488570752152e-07,0.0006032300970514336,0.0024703030879007124,0.0012283642707747733,0.001227896540800577,0.0709444849511,4.017935119965707e-09,-4.96160001972612e-10,6.776263578034403e-21,-8.850228138831907e-07,0.9997691389509402,2.0080785887561086,0.001642143372521565
perturbed,128,0.8999999999999999,1512,51.9071546999985,2.617183164747374e-07,0.0005593795968919874,0.001986867906403991,0.0014254290944046843,0.0014247105130802407,0.07443167562933911,5.996290099942844e-09,9.155423086326664e-10,3.3881317890172014e-21,-1.7827019785021051e-06,0.999845207759102,2.00699702942325,0.0014643492424307606
perturbed,128,0.9999999999999999,1680,57.235599799998454,3.903630359137039e-07,0.0007546571802557399,0.0028186839658554137,0.0016810381350649273,0.0016828631437834085,0.09729592237724338,6.947037596322511e-09,8.435416809504659e-10,3.3881317890172014e-21,-3.316551357899434e-06,0.9997419621438286,2.007200686603211,0.0018437077628961514
perturbed,128,1.0999999999999999,1848,62.57512979999592,3.773574126273042e-07,0.0006995172738199579,0.002681293368649781,0.001939069218017564,0.0019418372452914556,0.10344197562441626,5.601239777559198e-09,-3.158697007658399e-10,5.082197683525802e-21,-2.103295256544884e-06,0.9996192260028723,2.0057722595955156,0.0018398928123418443
perturbed,128,1.2,2016,67.89199579999695,5.191871324343878e-07,0.0008518901031703574,0.0032357918021056033,0.0022577805162489195,0.0022623473302069153,0.12402748181843112,4.514794026826685e-09,-1.984970114203103e-09,1.3552527156068805e-20,-2.7618390188056133e-06,0.9996806117391508,2.006717668493535,0.0021461072639560475
perturbed,128,1.3,2184,73.21341889999894,6.787942084395361e-07,0.0009586073691580618,0.0037004762645692865,0.002593685761031028,0.002601372169035998,0.14441928590953035,6.641661128562534e-09,-1.125618117233292e-12,-3.3881317890172014e-21,-2.822184331218686e-06,0.9995676902137032,2.008244404344227,0.0025108986329322293
perturbed,128,1.4000000000000001,2352,78.53724499999953,7.810212887153737e-07,0.0010382063690284194,0.003806750915947694,0.0029861107601579784,0.0029942097169176063,0.16624233865902788,5.677613289397244e-09,-1.297583522112215e-09,-6.776263578034403e-21,-4.09785173909463e-06,0.9996833104907661,2.0079806942260157,0.0025107288434879247
perturbed,128,1.5000000000000002,2520,83.87410649999947,9.320826637465294e-07,0.0011309904263168457,0.004285737497480566,0.0034531060253664148,0.0034716701161104924,0.19028192611047348,6.2593737586343205e-09,-1.0616559483385875e-09,-6.776263578034403e-21,-5.289189500871127e-06,0.9996651032166229,2.0076339007894286,0.002842843444450491
perturbed,128,1.6000000000000003,2688,89.16798209999979,1.42952664416474e-06,0.0013917229203434963,0.005774249340461157,0.003954984091157021,0.0039732793632706875,0.21864275362335944,5.555460584231315e-09,-1.5791744208589382e-09,-2.371692252312041e-20,-5.173934054393658e-06,0.9996961606920306,2.0070413161257616,0.003896301149937543
perturbed,128,1.7000000000000004,2856,94.5078463999962,1.5581456395816349e-06,0.0014674144969481634,0.005702713151950193,0.00453183118626177,0.004557264932298244,0.2568268318139877,5.933238654602606e-09,-1.714101157309263e-09,0.0,-7.787128799045863e-06,0.9996468912001266,2.007829296669517,0.0037823956403201546
perturbed,128,1.8000000000000005,3024,99.84827809999842,2.1526901803712724e-06,0.0017131420569264496,0.0069554063146891505,0.005177771211527293,0.005214094192577068,0.2860532158558103,8.583560732481837e-09,1.909840581978036e-09,-1.3552527156068805e-20,-1.0210658649043982e-05,0.9995563074896863,2.007518067759291,0.004677397497381259
perturbed,128,1.9000000000000006,3192,106.85734319999756,2.532864223543244e-06,0.0018618332497119655,0.007426298106439585,0.005917418562861543,0.005965288632207411,0.336159648957941,9.690029636055406e-09,2.8924554603311967e-09,1.3552527156068805e-20,-1.3548096656801066e-05,0.9995034037610229,2.007322454644266,0.004965631116508356
perturbed,128,2.0000000000000004,3360,115.2519067999965,3.704336728006461e-06,0.002245347588467478,0.009158613705428633,0.006708444680115666,0.00677371282580036,0.38295189287459264,1.240676096631276e-09,-5.280682261836016e-09,1.3552527156068805e-20,-1.962617099658666e-05,0.9996372084067531,2.0082080216256344,0.00619444327158304
perturbed,128,2.1000000000000005,3528,121.9947308999981,4.280015602549529e-06,0.0024213455082531745,0.009953217808194479,0.007638129576510222,0.007727433609156786,0.43912935349813664,7.184820190524245e-09,1.9807829450731638e-09,1.3552527156068805e-20,-2.2870119118130334e-05,0.9993619185682188,2.0078694366670335,0.006646732308685064
perturbed,128,2.2000000000000006,3696,129.31966029999603,5.5785552250855875e-06,0.002772651051191901,0.011177246080448027,0.008672975967481067,0.008790707702947542,0.5083037391450574,4.073931925546878e-09,-2.375699637013895e-10,-2.710505431213761e-20,-3.1429724256970735e-05,0.9997619885369304,2.0079006465647073,0.0074477420979140625
perturbed,128,2.3000000000000007,3864,136.83210459999827,7.51627372603484e-06,0.003208193829615119,0.01310482939350212,0.009876993296235925,0.010056115502663998,0.5830275710338534,6.380014764978535e-09,4.001896887947017e-09,2.710505431213761e-20,-4.0746183171571057e-05,0.9990653770645312,2.008183064768476,0.008776997420564571
perturbed,128,2.400000000000001,4032,143.33339239999623,9.412344536391727e-06,0.003606554590428949,0.014968784597627181,0.011266709739911951,0.011488249071202106,0.6722696229824181,-4.1373944921402275e-09,-4.54520628541862e-09,-2.710505431213761e-20,-5.354700321359036e-05,0.9996585538328349,2.006739501059676,0.010042013728685045
perturbed,128,2.5,4200,148.86865159999434,1.2088334186124449e-05,0.004059190036556013,0.0165441378043182,0.012816304572244142,0.013100363474454035,0.7628729779453813,-5.489293143924458e-09,-3.156148231653333e-09,-1.3552527156068805e-20,-6.728731062222443e-05,0.9992113240633493,2.007194451004642,0.011206629989062068
